ecmen_public_time,Normal_vwap,VALUE_hdd,10Y_NORMAL_hdd,Sum_Value_hdd,Delta_Full_hdd,Delta_Sub_hdd,VALUE_cdd,10Y_NORMAL_cdd,Sum_Value_cdd,Delta_Full_cdd,Delta_Sub_cdd,Month
2015-01-28 01:40:00,1.006,29.860,29.870,457.440,-1.940,0.600,0.010,0.220,0.890,-0.040,0.000,1
2015-01-29 01:40:00,0.946,27.870,29.740,462.880,-0.060,2.030,0.010,0.220,0.770,-0.050,-0.130,1
2015-01-30 01:40:00,1.005,31.690,29.670,454.050,-15.930,-5.050,0.040,0.230,0.750,-0.190,-0.160,1
2015-02-02 01:40:00,1.015,35.620,29.480,442.860,-12.570,-8.940,0.120,0.260,0.570,0.130,0.030,2
2015-02-03 01:40:00,1.020,35.890,29.320,436.360,-14.110,-7.140,0.030,0.270,0.420,0.080,-0.020,2
2015-02-04 01:40:00,0.971,32.040,29.190,433.880,-5.880,-1.650,0.100,0.290,0.560,0.080,0.060,2
2015-02-05 01:40:00,0.987,37.220,29.080,442.070,5.360,5.690,0.080,0.290,0.550,-0.020,-0.030,2
2015-02-06 01:40:00,0.993,33.350,28.980,434.580,1.950,5.040,0.020,0.290,0.470,0.010,-0.030,2
2015-02-09 01:40:00,0.989,26.740,28.580,465.870,0.120,-1.100,0.080,0.330,0.470,-0.140,-0.120,2
2015-02-10 01:40:00,1.024,28.850,28.420,471.390,2.950,1.150,0.010,0.340,0.410,-0.010,-0.040,2
2015-02-11 01:40:00,0.998,28.810,28.320,492.530,10.950,8.000,0.010,0.350,0.520,-0.010,-0.040,2
2015-02-12 01:40:00,0.953,34.230,28.040,505.540,3.650,4.330,0.030,0.350,0.600,0.020,-0.040,2
2015-02-13 01:40:00,1.046,35.720,27.850,495.120,-10.100,-4.800,0.000,0.350,0.560,-0.040,-0.030,2
2015-02-17 01:40:00,0.970,39.020,27.060,495.160,1.060,2.360,0.160,0.410,1.230,-0.030,0.020,2
2015-02-18 01:40:00,1.011,40.350,26.820,489.910,2.640,4.280,0.000,0.410,1.220,0.040,0.010,2
2015-02-19 01:40:00,0.984,43.580,26.650,493.760,11.280,6.380,0.000,0.410,1.530,0.190,0.110,2
2015-02-20 01:40:00,1.011,40.820,26.390,490.610,2.410,5.990,0.010,0.430,1.870,-0.120,-0.240,2
2015-02-23 01:40:00,0.961,43.700,25.540,485.570,10.940,9.140,0.180,0.460,3.410,0.230,0.020,2
2015-02-24 01:40:00,1.020,39.830,25.270,465.200,-2.760,2.880,0.170,0.460,3.580,0.000,-0.030,2
2015-02-25 01:40:00,0.993,35.900,24.950,452.780,4.050,-2.840,0.140,0.460,3.560,-0.390,-0.220,2
2015-02-25 01:40:00,1.002,35.900,24.950,452.780,4.050,-2.840,0.140,0.460,3.560,-0.390,-0.220,2
2015-02-26 01:40:00,0.957,39.230,24.690,433.580,-3.500,-0.520,0.150,0.460,3.770,0.270,0.020,2
2015-02-27 01:40:00,0.996,42.300,24.420,421.130,-4.100,-1.110,0.080,0.470,3.480,-0.200,-0.130,2
2015-03-02 01:40:00,0.999,33.080,23.510,373.250,5.250,2.370,0.300,0.530,4.030,0.120,0.160,3
2015-03-03 01:40:00,1.019,29.480,23.160,347.400,-12.130,-6.290,0.340,0.530,4.640,0.420,0.370,3
2015-03-04 01:40:00,1.010,29.990,22.910,332.140,6.960,3.240,0.500,0.560,4.990,-0.160,-0.160,3
2015-03-05 01:40:00,1.027,38.230,22.560,321.770,1.700,5.830,0.410,0.570,4.720,0.320,0.040,3
2015-03-06 01:40:00,1.006,37.420,22.330,302.170,3.870,1.620,0.180,0.570,4.340,-0.130,-0.180,3
2015-11-02 01:40:00,1.004,7.770,13.960,171.450,-1.850,0.560,1.250,1.050,13.750,-0.030,0.160,11
2015-11-03 01:40:00,1.000,7.930,14.380,178.830,-4.330,-4.360,1.210,1.000,13.880,0.450,0.240,11
2015-11-04 01:40:00,0.990,7.180,14.680,192.510,-3.530,-1.720,1.380,0.960,13.380,0.140,0.120,11
2015-11-05 01:40:00,1.032,6.920,15.020,197.620,-5.220,-3.480,1.860,0.910,10.560,-0.650,0.010,11
2015-11-06 01:40:00,0.991,8.680,15.410,201.970,-2.870,-1.040,1.760,0.820,10.280,-0.160,0.070,11
2015-11-09 01:40:00,0.985,15.750,16.450,219.050,-7.090,-4.740,0.820,0.680,7.870,0.120,-0.010,11
2015-11-10 01:40:00,1.013,14.360,16.770,224.070,-2.770,-1.980,0.780,0.670,7.940,0.420,0.290,11
2015-11-11 01:40:00,0.982,13.820,17.080,226.000,-9.120,-2.730,1.080,0.640,7.980,0.880,0.420,11
2015-11-12 01:40:00,1.001,13.980,17.460,240.840,-2.430,1.260,0.770,0.640,7.850,0.910,0.430,11
2015-11-13 01:40:00,1.030,17.110,17.710,250.810,-0.150,-0.500,0.540,0.630,7.440,-0.190,-0.190,11
2015-11-16 01:40:00,0.979,14.560,18.670,287.550,-1.590,2.390,0.830,0.500,6.510,-0.240,0.020,11
2015-11-17 01:40:00,1.035,14.030,18.980,297.380,6.240,2.640,0.820,0.490,5.900,-0.080,-0.040,11
2015-11-18 01:40:00,0.983,12.770,19.300,306.790,2.130,-3.710,0.810,0.470,5.580,-0.120,0.090,11
2015-11-19 01:40:00,0.970,14.460,19.510,317.060,0.050,1.250,0.730,0.470,4.860,-0.280,-0.100,11
2015-11-20 01:40:00,0.971,18.120,19.790,321.670,0.170,0.360,0.590,0.470,5.110,0.410,0.170,11
2015-11-23 01:40:00,1.058,23.990,20.650,326.010,0.890,-0.620,0.130,0.440,3.970,-0.200,-0.050,11
2015-11-24 01:40:00,1.019,22.430,20.830,316.840,-3.660,1.850,0.130,0.430,4.960,0.840,0.310,11
2015-11-25 01:40:00,1.008,19.220,21.120,318.210,7.950,3.660,0.410,0.430,5.190,-0.360,-0.130,11
2015-11-30 01:40:00,1.012,23.160,22.410,301.830,-0.110,0.970,0.510,0.380,4.420,-0.300,-0.210,11
2015-12-01 01:40:00,1.003,21.240,22.600,293.820,-3.540,-1.200,0.550,0.380,4.580,0.080,0.320,12
2015-12-02 01:40:00,0.990,21.320,22.850,287.110,-11.390,-4.020,0.580,0.380,4.460,0.080,-0.030,12
2015-12-03 01:40:00,1.018,22.640,23.010,292.860,-0.920,-1.520,0.270,0.380,4.480,0.300,0.170,12
2015-12-04 01:40:00,0.998,22.700,23.210,286.840,-4.880,-5.710,0.260,0.380,4.700,0.120,0.050,12
2015-12-07 01:40:00,0.970,20.210,23.880,300.040,-1.750,1.340,0.210,0.370,4.300,-0.040,-0.160,12
2015-12-08 01:40:00,1.022,18.720,24.050,303.750,-3.610,-0.750,0.190,0.370,4.210,0.070,-0.220,12
2015-12-09 01:40:00,0.983,16.840,24.250,310.890,9.340,10.710,0.260,0.360,5.250,0.520,0.230,12
2015-12-10 01:40:00,0.980,14.780,24.480,309.980,-5.790,-3.080,0.420,0.360,5.470,0.120,-0.060,12
2015-12-11 01:40:00,1.000,15.260,24.660,307.210,-4.110,-1.820,0.600,0.360,5.820,0.380,0.170,12
2015-12-14 01:40:00,1.009,15.310,25.370,298.850,-16.410,-8.540,0.650,0.350,6.480,1.550,1.060,12
2015-12-15 01:40:00,0.971,19.490,25.510,302.750,-15.400,-9.820,0.570,0.340,6.350,0.490,0.210,12
2015-12-16 01:40:00,1.030,21.240,25.660,297.600,-6.850,-3.970,0.550,0.330,7.460,0.540,0.420,12
2015-12-17 01:40:00,0.949,23.570,25.800,298.430,-3.330,-4.070,0.610,0.330,8.270,0.590,0.420,12
2015-12-18 01:40:00,1.027,27.090,26.050,308.830,-2.590,-1.690,0.210,0.330,8.420,0.490,0.240,12
2015-12-21 01:40:00,1.065,20.090,26.550,311.610,-13.070,-4.780,0.510,0.300,8.860,1.210,0.210,12
2015-12-22 01:40:00,1.009,17.110,26.780,330.470,3.040,2.360,0.580,0.300,9.270,1.070,0.330,12
2015-12-23 01:40:00,1.052,14.810,27.000,350.550,0.800,-1.850,0.860,0.300,8.930,0.280,-0.010,12
2015-12-24 01:40:00,1.001,16.490,27.100,380.920,4.210,8.510,1.140,0.280,8.050,0.430,0.100,12
2015-12-28 01:40:00,1.062,26.090,27.830,414.140,-4.640,-3.920,0.720,0.240,3.970,0.140,0.170,12
2015-12-29 01:40:00,1.029,26.020,27.960,417.800,-0.450,4.300,0.760,0.240,4.090,0.310,-0.030,12
2015-12-29 01:40:00,0.981,26.020,27.960,417.800,-0.450,4.300,0.760,0.240,4.090,0.310,-0.030,12
2015-12-30 01:40:00,1.000,27.250,28.160,405.120,-3.820,-4.460,0.760,0.220,3.640,0.120,0.110,12
2015-12-31 01:40:00,0.988,28.870,28.280,453.000,29.210,12.190,0.600,0.200,2.080,-0.660,-0.250,12
2016-01-04 01:40:00,0.992,33.420,28.840,443.540,-11.350,-10.270,0.020,0.160,1.210,0.000,0.110,1
2016-01-05 01:40:00,1.025,33.540,29.040,437.520,2.680,0.820,0.050,0.160,1.170,0.030,-0.050,1
2016-01-06 01:40:00,0.987,29.540,29.110,432.870,-5.830,-3.100,0.080,0.160,1.090,-0.030,-0.040,1
2016-01-07 01:40:00,1.042,26.120,29.190,427.630,-2.470,1.750,0.100,0.160,1.170,0.100,0.070,1
2016-01-08 01:40:00,1.033,25.040,29.330,443.160,8.640,4.790,0.200,0.140,1.070,0.010,0.060,1
2016-01-11 01:40:00,0.967,35.800,29.640,459.930,-3.690,-6.100,0.010,0.130,0.610,0.000,0.020,1
2016-01-12 01:40:00,0.957,34.260,29.650,444.350,-8.240,2.490,0.020,0.130,0.760,0.090,-0.010,1
2016-01-13 01:40:00,0.993,35.020,29.740,444.510,-2.740,-0.380,0.040,0.130,0.950,0.060,0.000,1
2016-01-14 01:40:00,0.961,27.790,29.830,433.090,-4.950,-5.300,0.090,0.130,0.990,0.040,0.030,1
2016-01-15 01:40:00,0.992,25.490,29.910,430.360,-13.310,-9.410,0.160,0.130,1.080,0.200,0.200,1
2016-01-19 01:40:00,0.973,38.010,30.010,414.550,-3.960,-5.260,0.000,0.130,0.890,-0.140,-0.080,1
2016-01-20 01:40:00,1.015,33.850,30.010,397.840,-0.560,-1.440,0.010,0.130,1.100,0.030,0.020,1
2016-01-21 01:40:00,1.014,31.940,30.020,391.840,-7.140,-4.760,0.070,0.150,1.190,-0.140,-0.170,1
2016-01-22 01:40:00,1.000,32.830,29.990,381.110,-0.560,-2.730,0.060,0.150,1.320,-0.060,-0.150,1
2016-01-25 01:40:00,1.011,27.690,29.990,374.200,-1.190,0.160,0.020,0.160,1.920,0.240,0.190,1
2016-01-26 01:40:00,0.996,25.860,29.940,387.110,11.430,10.860,0.130,0.200,1.750,0.030,-0.020,1
2016-01-27 01:40:00,0.995,28.640,29.920,395.040,12.440,9.950,0.160,0.210,1.510,-0.170,-0.090,1
2016-01-27 01:40:00,0.997,28.640,29.920,395.040,12.440,9.950,0.160,0.210,1.510,-0.170,-0.090,1
2016-01-28 01:40:00,1.052,26.920,29.870,376.210,-3.780,-5.360,0.130,0.220,1.550,0.210,0.100,1
2016-01-29 01:40:00,1.023,26.970,29.740,399.420,7.360,5.600,0.000,0.220,1.570,0.030,0.060,1
2016-02-01 01:40:00,0.982,22.040,29.570,391.260,-8.570,-6.450,0.250,0.260,1.580,0.120,0.040,2
2016-02-02 01:40:00,0.975,23.870,29.480,389.250,-7.870,-5.120,0.370,0.260,1.450,0.050,0.060,2
2016-02-03 01:40:00,1.024,23.970,29.320,385.750,-16.050,-12.770,0.440,0.270,1.200,0.050,0.040,2
2016-02-04 01:40:00,0.986,27.740,29.190,377.610,-19.410,-11.580,0.190,0.290,0.800,-0.110,-0.080,2
2016-02-05 01:40:00,1.001,29.340,29.080,405.120,11.840,5.960,0.050,0.290,0.430,-0.150,-0.150,2
2016-02-08 01:40:00,0.993,26.490,28.700,408.540,3.650,1.970,0.000,0.330,0.650,-0.080,-0.050,2
2016-02-09 01:40:00,0.997,29.650,28.580,384.730,-3.840,3.670,0.000,0.330,1.680,0.030,-0.100,2
2016-02-10 01:40:00,0.997,30.910,28.420,370.060,-1.640,3.130,0.000,0.340,1.670,-0.420,-0.380,2
2016-02-11 01:40:00,0.959,32.260,28.320,374.780,0.740,1.670,0.010,0.350,1.730,-0.050,-0.040,2
2016-02-12 01:40:00,0.986,32.260,28.040,361.580,-1.990,-0.140,0.030,0.350,2.110,0.240,0.020,2
2016-02-16 01:40:00,0.990,22.330,27.320,315.250,2.660,1.210,0.260,0.390,1.750,0.060,0.000,2
2016-02-17 01:40:00,1.007,24.950,27.060,313.710,2.250,0.110,0.070,0.410,1.320,-0.240,-0.040,2
2016-02-18 01:40:00,0.970,25.030,26.820,313.830,-7.290,-6.510,0.090,0.410,1.560,0.230,0.020,2
2016-02-19 01:40:00,0.983,18.920,26.650,316.310,4.900,3.040,0.380,0.410,1.950,0.160,-0.000,2
2016-02-22 01:40:00,1.030,21.540,25.930,319.930,-8.860,-1.810,0.220,0.430,1.750,-0.180,-0.100,2
2016-02-23 01:40:00,0.972,21.940,25.540,311.110,-10.960,-0.590,0.360,0.460,1.540,-0.070,-0.040,2
2016-02-24 01:40:00,0.993,20.320,25.270,302.830,-7.660,-5.490,0.220,0.460,1.480,0.030,0.000,2
2016-02-25 01:40:00,0.992,22.650,24.950,296.880,-5.470,-2.840,0.000,0.460,1.500,0.170,0.130,2
2016-02-29 01:40:00,0.998,16.890,23.920,249.740,-11.660,-5.980,0.160,0.480,5.620,0.970,0.350,2
2016-03-01 01:40:00,1.001,20.630,23.770,248.630,-2.910,-0.770,0.350,0.500,6.560,0.380,0.270,3
2016-03-02 01:40:00,0.975,23.190,23.510,240.970,-2.820,2.180,0.280,0.530,5.640,-0.400,-0.030,3
2016-03-03 01:40:00,0.987,23.750,23.160,225.650,-3.000,-0.980,0.410,0.530,5.770,-0.250,0.040,3
2016-03-04 01:40:00,1.031,22.900,22.910,210.770,-6.240,-5.350,0.260,0.560,5.870,0.200,0.470,3
2016-03-07 01:40:00,1.030,15.250,21.850,182.560,4.200,1.030,0.310,0.580,8.630,0.290,0.350,3
2016-03-08 01:40:00,0.990,11.860,21.600,181.220,-1.820,0.080,0.550,0.580,10.060,0.880,0.330,3
2016-03-09 01:40:00,1.016,10.590,21.280,191.750,1.470,1.010,0.550,0.590,9.340,-0.160,0.040,3
2016-03-10 01:40:00,1.021,10.870,21.030,198.530,2.060,-0.100,0.700,0.600,9.670,0.250,0.230,3
2016-03-11 01:40:00,0.994,13.700,20.710,218.090,0.360,-2.300,0.670,0.600,8.190,0.320,0.350,3
2016-11-07 01:40:00,0.994,10.090,15.740,196.510,1.900,2.050,1.040,0.790,8.640,-0.110,0.060,11
2016-11-08 01:40:00,0.973,9.950,16.140,195.540,-7.020,-4.980,1.130,0.740,8.770,0.480,0.350,11
2016-11-09 01:40:00,1.015,12.130,16.450,194.210,0.800,-1.600,1.200,0.680,8.020,0.140,0.150,11
2016-11-10 01:40:00,1.013,11.650,16.770,203.580,-2.030,-2.740,0.920,0.670,6.790,0.180,0.060,11
2016-11-11 01:40:00,1.024,13.260,17.080,209.790,-9.350,-5.790,0.730,0.640,6.290,0.950,0.730,11
2016-11-14 01:40:00,1.027,12.730,18.070,237.860,1.570,3.140,0.750,0.600,4.540,-0.300,-0.230,11
2016-11-15 01:40:00,0.976,11.820,18.360,247.770,2.580,2.610,0.550,0.570,3.710,-0.220,-0.090,11
2016-11-16 01:40:00,1.024,12.010,18.670,252.740,-2.790,-0.220,0.510,0.500,3.340,-0.320,-0.250,11
2016-11-17 01:40:00,0.977,11.460,18.980,254.890,-3.870,-2.900,0.710,0.490,4.350,0.510,0.250,11
2016-11-18 01:40:00,1.030,11.990,19.300,267.300,-3.040,-1.050,0.550,0.470,4.380,0.980,0.630,11
2016-11-21 01:40:00,1.013,22.710,20.180,301.290,-3.030,-0.320,0.070,0.460,4.300,0.630,0.430,11
2016-11-22 01:40:00,1.010,21.640,20.410,296.180,-6.820,-1.310,0.370,0.440,4.310,0.140,-0.210,11
2016-11-23 01:40:00,1.025,20.750,20.650,296.850,-1.220,-1.790,0.300,0.440,3.520,-0.220,0.100,11
2016-11-24 01:40:00,1.010,18.900,20.830,298.420,-0.980,-0.130,0.400,0.430,4.180,0.450,0.100,11
2016-11-25 01:40:00,1.011,18.530,21.120,307.460,-2.360,-3.200,0.430,0.430,4.540,0.400,0.210,11
2016-11-28 01:40:00,0.993,18.440,21.880,339.470,8.300,8.200,0.510,0.380,4.430,-0.160,-0.130,11
2016-11-28 01:40:00,1.007,18.440,21.880,339.470,8.300,8.200,0.510,0.380,4.430,-0.160,-0.130,11
2016-11-29 01:40:00,1.007,15.750,22.040,351.640,-6.350,-3.550,0.900,0.380,4.630,0.720,0.100,11
2016-11-30 01:40:00,1.005,18.280,22.410,366.300,-6.580,-6.210,0.710,0.380,3.890,0.260,0.200,11
2016-12-01 01:40:00,1.031,21.670,22.600,380.940,7.980,6.100,0.450,0.380,3.550,-0.120,-0.120,12
2016-12-02 01:40:00,0.996,23.260,22.850,386.970,-10.830,-8.090,0.290,0.380,3.210,0.040,0.140,12
2016-12-05 01:40:00,1.012,23.460,23.460,407.340,3.300,9.510,0.580,0.370,3.320,0.210,0.040,12
2016-12-06 01:40:00,0.976,25.420,23.700,436.180,16.250,12.470,0.490,0.370,3.020,0.200,0.130,12
2016-12-07 01:40:00,0.962,28.110,23.880,455.690,16.820,6.370,0.320,0.370,2.690,0.070,0.020,12
2016-12-08 01:40:00,1.027,31.130,24.050,445.530,-2.870,7.750,0.180,0.370,3.260,0.820,0.180,12
2016-12-09 01:40:00,1.006,32.430,24.250,457.750,6.650,-2.900,0.110,0.360,4.090,0.250,0.380,12
2016-12-12 01:40:00,0.981,26.600,24.890,444.640,4.240,-1.020,0.490,0.350,5.380,0.080,0.100,12
2016-12-13 01:40:00,0.979,30.050,25.100,455.170,-1.530,2.420,0.490,0.350,5.150,0.070,-0.090,12
2016-12-14 01:40:00,1.027,31.890,25.370,454.640,-3.550,0.860,0.360,0.350,4.640,-0.580,-0.360,12
2016-12-15 01:40:00,0.983,37.460,25.510,438.080,-7.560,-2.250,0.190,0.340,4.570,0.120,0.160,12
2016-12-16 01:40:00,1.007,34.980,25.660,423.760,-5.330,-2.410,0.250,0.330,4.100,-0.550,-0.440,12
2016-12-19 01:40:00,1.012,38.970,26.260,382.760,-4.230,-1.560,0.500,0.330,4.670,0.340,0.360,12
2016-12-20 01:40:00,0.987,31.110,26.410,365.720,-3.980,0.090,0.320,0.310,4.910,0.200,-0.090,12
2016-12-21 01:40:00,1.067,26.900,26.550,370.850,0.010,0.650,0.190,0.300,4.440,-0.170,-0.230,12
2016-12-22 01:40:00,1.003,26.070,26.780,378.240,3.460,0.560,0.180,0.300,4.530,0.080,0.000,12
2016-12-23 01:40:00,1.029,25.460,27.000,373.360,5.630,6.720,0.370,0.300,5.220,0.110,-0.080,12
2016-12-27 01:40:00,1.005,23.860,27.650,428.950,4.900,5.550,0.660,0.250,3.600,0.200,-0.070,12
2016-12-28 01:40:00,1.072,24.610,27.830,437.390,-6.810,-5.500,0.680,0.240,3.830,0.540,0.090,12
2016-12-28 01:40:00,0.991,24.610,27.830,437.390,-6.810,-5.500,0.680,0.240,3.830,0.540,0.090,12
2016-12-29 01:40:00,0.990,24.890,27.960,439.460,-1.160,-1.110,0.370,0.240,3.580,-0.060,-0.050,12
2016-12-30 01:40:00,0.990,28.330,28.160,442.570,1.940,2.120,0.050,0.220,3.380,-0.260,-0.120,12
2017-01-03 01:40:00,0.965,24.750,28.700,430.730,-2.680,-2.570,0.530,0.160,2.110,0.010,0.010,1
2017-01-04 01:40:00,0.973,32.360,28.840,434.190,-6.290,-5.520,0.230,0.160,1.680,-0.030,-0.070,1
2017-01-05 01:40:00,0.998,37.380,29.040,430.870,1.130,2.590,0.150,0.160,1.670,-0.010,0.030,1
2017-01-06 01:40:00,1.011,41.300,29.110,414.690,-9.910,-5.050,0.180,0.160,2.590,0.320,0.210,1
2017-01-09 01:40:00,0.970,33.870,29.470,346.400,-9.230,-7.100,0.000,0.140,3.640,0.370,0.180,1
2017-01-10 01:40:00,1.025,25.560,29.590,331.890,3.440,-2.400,0.150,0.140,4.140,0.210,0.050,1
2017-01-11 01:40:00,1.005,21.570,29.640,333.670,-7.280,-3.310,0.340,0.130,4.610,0.700,0.380,1
2017-01-12 01:40:00,1.017,22.520,29.650,341.760,-1.890,-2.540,0.560,0.130,4.560,0.030,-0.140,1
2017-01-13 01:40:00,1.022,29.040,29.740,325.820,-4.860,2.030,0.500,0.130,4.930,0.460,0.100,1
2017-01-16 01:40:00,0.999,24.920,29.970,343.030,12.390,7.810,0.440,0.130,3.070,0.100,-0.070,1
2017-01-17 01:40:00,0.999,22.370,30.020,339.730,-8.870,-1.930,0.400,0.130,2.690,0.050,0.040,1
2017-01-18 01:40:00,0.981,22.400,30.020,350.280,-1.370,0.630,0.340,0.130,2.360,0.030,-0.030,1
2017-01-19 01:40:00,1.010,21.320,30.010,361.430,-3.190,-3.580,0.260,0.130,2.000,-0.230,0.000,1
2017-01-20 01:40:00,0.972,20.360,30.010,359.910,-6.550,-4.690,0.400,0.130,1.730,0.010,0.020,1
2017-01-23 01:40:00,1.023,22.730,30.020,384.260,4.700,-0.960,0.120,0.150,0.970,0.050,-0.020,1
2017-01-24 01:40:00,0.995,24.320,29.980,392.960,7.250,4.510,0.180,0.150,1.110,0.040,0.030,1
2017-01-25 01:40:00,1.020,23.710,29.990,391.350,-3.370,-2.930,0.130,0.160,1.290,0.050,0.010,1
2017-01-26 01:40:00,0.970,26.570,29.940,412.310,6.670,1.750,0.300,0.200,1.190,-0.190,-0.180,1
2017-01-27 01:40:00,1.028,29.750,29.920,407.690,-2.640,-0.600,0.100,0.210,1.140,0.020,0.010,1
2017-01-30 01:40:00,0.984,28.490,29.670,386.530,3.500,11.300,0.000,0.230,2.100,0.910,0.240,1
2017-01-31 01:40:00,0.996,24.580,29.610,369.920,-0.220,3.200,0.010,0.240,3.090,0.570,-0.120,1
2017-02-01 01:40:00,0.991,25.140,29.570,388.690,16.020,4.980,0.180,0.260,2.720,-0.830,-0.010,2
2017-02-02 01:40:00,1.011,30.500,29.480,365.080,-13.400,-3.870,0.150,0.260,3.450,0.520,0.280,2
2017-02-03 01:40:00,1.002,32.210,29.320,352.950,-2.170,-2.980,0.160,0.270,4.070,-0.490,-0.060,2
2017-02-06 01:40:00,1.004,22.030,28.980,322.390,-1.700,-0.540,0.530,0.290,4.670,0.330,0.100,2
2017-02-07 01:40:00,1.007,17.700,28.860,327.540,8.100,6.530,0.770,0.310,4.750,-0.170,-0.150,2
2017-02-08 01:40:00,1.021,22.550,28.700,323.570,-8.040,-4.470,0.860,0.330,4.750,0.510,0.120,2
2017-02-09 01:40:00,0.984,29.910,28.580,334.000,0.000,-5.120,0.250,0.330,4.030,0.350,0.200,2
2017-02-10 01:40:00,0.998,25.780,28.420,304.130,-7.000,-4.180,0.160,0.340,4.130,0.290,0.300,2
2017-02-13 01:40:00,0.994,24.510,27.850,298.920,-9.000,-3.840,0.420,0.350,4.030,0.660,0.250,2
2017-02-14 01:40:00,1.006,23.560,27.660,289.090,-3.140,-2.140,0.310,0.350,3.490,-0.160,0.060,2
2017-02-15 01:40:00,0.986,24.940,27.520,286.020,-4.770,-3.760,0.350,0.380,3.470,-0.460,-0.330,2
2017-02-16 01:40:00,0.969,25.250,27.320,280.260,-7.300,-1.420,0.070,0.390,3.660,0.360,0.240,2
2017-02-17 01:40:00,0.988,20.310,27.060,274.980,-2.200,-1.890,0.080,0.410,4.480,0.710,0.450,2
2017-02-20 01:40:00,1.002,15.680,26.390,278.820,6.820,4.900,0.350,0.430,5.800,-0.950,-0.020,2
2017-02-21 01:40:00,0.938,14.840,26.150,283.960,-1.280,3.230,0.360,0.430,6.460,0.460,0.500,2
2017-02-22 01:40:00,1.016,12.690,25.930,283.350,-3.470,-3.630,0.170,0.430,6.920,0.550,-0.140,2
2017-02-23 01:40:00,0.982,14.690,25.540,297.690,0.070,3.720,0.600,0.460,6.690,-0.180,-0.280,2
2017-02-24 01:40:00,1.004,16.570,25.270,314.790,4.260,1.460,0.620,0.460,5.780,0.110,-0.050,2
2017-02-27 01:40:00,1.004,21.320,24.420,287.410,-0.610,-0.540,0.660,0.470,5.560,0.230,-0.040,2
2017-02-28 01:40:00,1.039,15.750,24.090,266.500,-10.200,-6.770,1.320,0.480,6.190,0.410,0.570,2
2017-03-01 01:40:00,1.001,16.390,23.770,270.750,-1.210,0.820,0.970,0.500,5.560,-0.670,-0.650,3
2017-03-02 01:40:00,0.996,24.190,23.510,279.170,1.320,2.510,0.370,0.530,4.970,0.390,0.120,3
2017-03-03 01:40:00,1.005,27.450,23.160,279.170,-10.300,-4.260,0.160,0.530,5.560,0.620,0.410,3
2017-03-06 01:40:00,0.978,18.040,22.330,293.330,0.520,-5.190,0.620,0.570,6.650,-0.160,0.070,3
2017-03-07 01:40:00,0.992,16.230,21.850,278.730,-15.880,-8.120,0.510,0.580,7.190,0.640,0.420,3
2017-03-08 01:40:00,0.998,16.300,21.600,306.410,9.040,-0.710,0.410,0.580,6.750,-0.540,-0.200,3
2017-03-09 01:40:00,1.013,17.180,21.280,307.900,1.690,1.100,0.720,0.590,6.990,0.200,-0.190,3
2017-03-10 01:40:00,1.017,25.000,21.030,311.910,6.310,3.660,0.630,0.600,6.780,-0.290,-0.130,3
2017-11-06 01:40:00,1.019,14.760,15.410,250.990,-5.160,0.770,1.680,0.820,9.110,0.180,0.090,11
2017-11-07 01:40:00,1.011,18.090,15.740,259.240,3.270,-1.940,1.310,0.790,7.780,-0.040,0.440,11
2017-11-08 01:40:00,1.005,19.280,16.140,262.120,-0.880,0.060,0.620,0.740,6.790,-0.070,-0.190,11
2017-11-09 01:40:00,1.007,19.790,16.450,261.640,3.610,6.590,0.540,0.680,6.130,-0.130,-0.750,11
2017-11-10 01:40:00,1.009,24.420,16.770,267.480,-2.750,-3.000,0.390,0.670,6.690,0.890,0.540,11
2017-11-13 01:40:00,0.991,18.250,17.710,269.570,2.720,2.890,0.710,0.630,5.350,-0.450,-0.160,11
2017-11-14 01:40:00,0.995,17.660,18.070,266.700,4.080,1.630,0.620,0.600,5.900,0.070,0.030,11
2017-11-15 01:40:00,0.991,17.520,18.360,272.190,1.350,1.250,0.670,0.570,5.350,0.050,0.020,11
2017-11-16 01:40:00,0.990,17.600,18.670,276.530,-1.700,1.040,0.660,0.500,4.730,0.070,-0.050,11
2017-11-17 01:40:00,1.009,18.150,18.980,287.260,9.130,3.640,0.970,0.490,4.380,0.490,0.150,11
2017-11-20 01:40:00,0.999,20.320,19.790,291.150,-2.560,-0.060,0.180,0.470,4.530,-0.080,-0.240,11
2017-11-21 01:40:00,0.993,17.490,20.180,279.210,-3.780,0.430,0.580,0.460,4.950,0.140,-0.190,11
2017-11-22 01:40:00,0.991,21.680,20.410,274.350,-1.530,-0.680,0.830,0.440,5.010,0.190,0.100,11
2017-11-23 01:40:00,0.986,20.580,20.650,264.570,-7.320,-4.750,0.820,0.440,5.240,0.690,0.530,11
2017-11-24 01:40:00,0.974,16.130,20.830,256.840,-7.860,-3.770,0.460,0.430,4.600,0.120,0.010,11
2017-11-27 01:40:00,1.012,17.490,21.650,291.490,-10.150,-5.620,0.290,0.380,4.070,0.760,0.050,11
2017-11-28 01:40:00,1.020,15.860,21.880,306.860,3.030,2.030,0.450,0.380,3.800,-0.290,-0.150,11
2017-11-28 01:40:00,1.001,15.860,21.880,306.860,3.030,2.030,0.450,0.380,3.800,-0.290,-0.150,11
2017-11-29 01:40:00,0.998,17.420,22.040,329.550,9.580,5.290,0.510,0.380,3.390,-0.400,0.030,11
2017-11-30 01:40:00,0.977,17.760,22.410,328.370,-12.830,-7.980,0.380,0.380,3.450,-0.100,-0.140,11
2017-12-01 01:40:00,0.987,18.920,22.600,342.080,4.920,7.700,0.330,0.380,3.090,0.230,-0.050,12
2017-12-04 01:40:00,0.954,17.170,23.210,397.590,6.160,6.880,0.740,0.380,2.180,0.140,-0.100,12
2017-12-05 01:40:00,0.992,19.460,23.460,390.090,-9.870,-7.590,0.460,0.370,1.830,0.190,0.090,12
2017-12-06 01:40:00,0.985,24.660,23.700,400.410,-0.260,1.690,0.390,0.370,1.590,0.080,-0.040,12
2017-12-07 01:40:00,0.974,28.540,23.880,381.750,-16.590,-12.300,0.310,0.370,1.550,0.120,0.110,12
2017-12-08 01:40:00,0.989,29.130,24.050,377.550,-2.420,-1.790,0.430,0.370,1.480,-0.370,-0.300,12
2017-12-11 01:40:00,0.996,25.370,24.660,384.870,-4.120,-3.160,0.000,0.360,1.120,0.100,0.020,12
2017-12-12 01:40:00,0.952,28.200,24.890,389.830,0.350,1.630,0.000,0.350,1.840,0.490,0.350,12
2017-12-13 01:40:00,0.994,29.180,25.100,398.350,1.100,3.670,0.000,0.350,2.120,-0.090,-0.170,12
2017-12-14 01:40:00,1.009,30.280,25.370,389.180,-5.160,0.730,0.010,0.350,3.520,0.900,0.410,12
2017-12-15 01:40:00,0.966,29.910,25.510,398.850,3.930,4.540,0.060,0.340,3.370,-0.300,-0.310,12
2017-12-18 01:40:00,1.012,21.730,26.050,434.990,15.570,8.030,0.390,0.330,3.520,-0.040,0.000,12
2017-12-19 01:40:00,1.000,19.730,26.260,448.030,-6.480,-1.770,0.530,0.330,3.230,0.010,0.120,12
2017-12-20 01:40:00,0.966,25.020,26.410,465.180,-3.100,-3.160,0.360,0.310,2.780,-0.020,0.060,12
2017-12-21 01:40:00,1.007,26.120,26.550,476.710,4.000,2.990,0.330,0.300,2.590,0.000,-0.010,12
2017-12-22 01:40:00,1.019,24.610,26.780,487.130,-2.730,-0.390,0.400,0.300,2.670,0.300,0.170,12
2017-12-26 01:40:00,0.964,38.560,27.520,511.580,-8.320,-4.380,0.170,0.270,1.510,0.190,0.080,12
2017-12-27 01:40:00,1.024,40.190,27.650,527.710,21.540,11.630,0.240,0.250,1.120,-0.130,-0.050,12
2017-12-27 01:40:00,1.003,40.190,27.650,527.710,21.540,11.630,0.240,0.250,1.120,-0.130,-0.050,12
2017-12-28 01:40:00,1.032,39.080,27.830,543.310,21.940,13.910,0.190,0.240,0.890,0.030,-0.020,12
2017-12-29 01:40:00,0.999,36.370,27.960,537.030,4.340,1.870,0.110,0.240,0.630,-0.050,0.000,12
2018-01-02 01:40:00,1.010,42.950,28.670,489.020,-13.510,-8.830,0.040,0.170,0.850,0.010,-0.030,1
2018-01-03 01:40:00,0.998,39.020,28.700,477.470,-0.070,-3.500,0.000,0.160,0.820,-0.210,-0.110,1
2018-01-04 01:40:00,0.958,40.350,28.840,454.470,-11.690,3.080,0.000,0.160,1.010,0.040,-0.170,1
2018-01-05 01:40:00,0.996,41.740,29.040,418.080,-17.920,-10.400,0.000,0.160,1.250,0.350,0.120,1
2018-01-08 01:40:00,0.993,27.980,29.330,387.830,7.300,5.660,0.090,0.140,1.340,0.050,-0.080,1
2018-01-09 01:40:00,1.016,26.150,29.470,399.760,16.940,9.570,0.140,0.140,1.590,0.090,0.080,1
2018-01-10 01:40:00,0.991,23.380,29.590,419.770,5.260,5.560,0.200,0.140,1.430,0.070,0.010,1
2018-01-11 01:40:00,1.039,20.410,29.640,432.750,7.890,3.390,0.270,0.130,1.010,0.000,0.010,1
2018-01-12 01:40:00,1.023,26.440,29.650,436.870,-5.700,-0.360,0.250,0.130,1.070,0.250,0.230,1
2018-01-15 01:40:00,1.002,35.200,29.910,416.990,4.020,5.810,0.010,0.130,1.480,0.050,0.020,1
2018-01-16 01:40:00,1.018,37.220,29.970,407.220,0.550,1.930,0.070,0.130,1.450,-0.160,-0.100,1
2018-01-17 01:40:00,1.024,38.320,30.020,404.660,3.530,2.700,0.000,0.130,1.140,-0.370,-0.300,1
2018-01-18 01:40:00,1.007,33.070,30.020,377.280,-3.770,-3.290,0.000,0.130,1.790,0.290,0.410,1
2018-01-19 01:40:00,0.995,27.610,30.010,375.000,-4.950,1.650,0.000,0.130,2.000,0.010,0.030,1
2018-01-22 01:40:00,1.009,20.630,29.990,368.520,-9.140,-2.890,0.230,0.150,1.660,0.020,-0.050,1
2018-01-23 01:40:00,1.068,24.710,30.020,381.240,5.300,4.600,0.230,0.150,1.460,-0.170,-0.220,1
2018-01-24 01:40:00,0.955,28.940,29.980,402.260,4.220,2.730,0.110,0.150,1.250,0.030,0.060,1
2018-01-25 01:40:00,0.975,28.270,29.990,411.170,10.850,7.990,0.080,0.160,1.610,0.260,0.200,1
2018-01-26 01:40:00,1.009,24.370,29.940,416.780,8.370,6.230,0.090,0.200,1.710,-0.130,-0.080,1
2018-01-29 01:40:00,1.078,27.410,29.740,416.440,11.190,5.170,0.260,0.220,1.540,0.180,0.170,1
2018-01-29 01:40:00,1.002,27.410,29.740,416.440,11.190,5.170,0.260,0.220,1.540,0.180,0.170,1
2018-01-30 01:40:00,0.981,30.310,29.670,412.610,-1.320,-3.180,0.000,0.230,1.550,0.150,0.080,1
2018-01-31 01:40:00,0.972,26.500,29.610,393.730,-16.100,-13.900,0.000,0.240,1.720,0.180,-0.120,1
2018-02-01 01:40:00,0.988,26.800,29.570,386.640,-4.350,-2.850,0.100,0.260,2.450,0.600,0.300,2
2018-02-02 01:40:00,0.993,33.040,29.480,399.520,6.460,-1.660,0.110,0.260,2.530,0.430,0.180,2
2018-02-05 01:40:00,0.981,32.810,29.080,397.210,9.560,7.610,0.130,0.290,3.670,0.480,0.430,2
2018-02-06 01:40:00,1.016,32.250,28.980,394.920,4.860,1.530,0.190,0.290,4.140,0.360,0.210,2
2018-02-07 01:40:00,0.986,30.790,28.860,378.970,3.110,6.140,0.340,0.310,4.100,-0.470,-0.420,2
2018-02-08 01:40:00,0.984,32.160,28.700,378.600,7.570,13.410,0.230,0.330,5.040,1.260,0.840,2
2018-02-09 01:40:00,0.988,28.530,28.580,353.210,-1.710,1.260,0.320,0.330,6.320,0.300,0.000,2
2018-02-12 01:40:00,1.006,31.540,28.040,334.100,-2.780,1.200,0.500,0.350,6.780,0.220,0.060,2
2018-02-13 01:40:00,0.994,30.390,27.850,328.970,3.310,2.270,0.410,0.350,7.010,0.230,-0.030,2
2018-02-14 01:40:00,1.009,20.750,27.660,312.800,-0.130,-3.470,0.350,0.350,7.260,0.100,0.220,2
2018-02-15 01:40:00,1.009,15.910,27.520,304.050,-12.500,-9.870,0.830,0.380,9.040,1.360,0.850,2
2018-02-16 01:40:00,1.004,23.750,27.320,307.210,-3.900,4.220,0.620,0.390,9.120,0.350,-0.380,2
2018-02-19 01:40:00,0.986,20.080,26.650,305.270,5.420,2.290,1.070,0.410,9.660,0.050,-0.130,2
2018-02-20 01:40:00,1.004,17.360,26.390,314.650,-2.760,-2.830,1.320,0.430,8.680,0.150,0.070,2
2018-02-21 01:40:00,1.008,21.480,26.150,326.900,-2.790,0.830,1.080,0.430,7.320,-0.100,0.060,2
2018-02-22 01:40:00,0.987,24.900,25.930,329.100,0.780,2.860,0.980,0.430,6.700,0.320,-0.160,2
2018-02-23 01:40:00,1.019,22.260,25.540,306.170,-13.180,-6.200,0.860,0.460,6.370,0.080,-0.090,2
2018-02-26 01:40:00,0.995,21.720,24.690,318.380,-6.270,-1.850,0.580,0.460,3.870,0.590,0.150,2
2018-02-26 01:40:00,1.001,21.720,24.690,318.380,-6.270,-1.850,0.580,0.460,3.870,0.590,0.150,2
2018-02-27 01:40:00,1.008,19.830,24.420,316.400,-8.100,-4.330,0.570,0.470,3.540,0.210,0.250,2
2018-02-28 01:40:00,0.995,18.070,24.090,318.070,2.310,2.620,0.980,0.480,3.490,0.080,-0.030,2
2018-03-01 01:40:00,1.014,19.800,23.770,322.440,4.850,4.550,0.730,0.500,2.650,0.060,-0.180,3
2018-03-02 01:40:00,0.999,23.270,23.510,322.370,5.390,0.840,0.270,0.530,2.330,0.110,0.170,3
2018-03-05 01:40:00,1.006,24.650,22.560,329.470,3.820,4.930,0.280,0.570,2.140,0.000,-0.120,3
2018-03-06 01:40:00,1.009,23.950,22.330,324.090,-4.320,-5.230,0.150,0.570,2.720,0.190,0.140,3
2018-03-07 01:40:00,1.001,26.490,21.850,325.300,4.430,1.590,0.100,0.580,2.790,-0.240,-0.180,3
2018-03-08 01:40:00,0.989,26.870,21.600,324.740,-5.800,-2.850,0.000,0.580,2.610,0.170,0.030,3
2018-03-09 01:40:00,0.996,24.660,21.280,314.470,-5.620,0.260,0.030,0.590,3.620,0.170,0.180,3
2018-11-05 01:40:00,1.012,12.530,15.020,300.840,6.460,5.140,1.120,0.910,7.570,0.180,-0.030,11
2018-11-06 01:40:00,1.005,12.070,15.410,298.350,-4.980,-6.270,1.360,0.820,6.740,0.070,-0.080,11
2018-11-07 01:40:00,0.994,16.050,15.740,303.710,-1.910,2.580,1.260,0.790,6.260,0.510,0.030,11
2018-11-08 01:40:00,1.011,19.280,16.140,308.010,-1.680,-2.190,0.970,0.740,5.710,0.300,0.210,11
2018-11-09 01:40:00,1.023,21.750,16.450,318.790,5.380,4.430,0.790,0.680,4.350,-0.210,-0.140,11
2018-11-12 01:40:00,0.995,24.530,17.460,317.430,14.270,11.910,0.620,0.640,4.170,-0.660,-0.480,11
2018-11-13 01:40:00,1.008,26.170,17.710,320.640,3.210,3.980,0.660,0.630,3.930,-0.150,-0.290,11
2018-11-14 01:40:00,1.032,26.670,18.070,330.880,13.270,7.960,0.600,0.600,3.510,-0.090,-0.220,11
2018-11-15 01:40:00,0.886,24.910,18.360,317.280,-9.270,-7.060,0.220,0.570,3.260,-0.020,0.240,11
2018-11-16 01:40:00,1.061,22.150,18.670,311.000,-0.980,0.630,0.070,0.500,3.200,-0.030,-0.080,11
2018-11-19 01:40:00,1.014,22.550,19.510,335.000,-3.280,-3.080,0.390,0.470,3.060,0.130,0.060,11
2018-11-20 01:40:00,1.003,24.610,19.790,343.700,2.430,4.620,0.340,0.470,2.970,-0.030,-0.170,11
2018-11-21 01:40:00,0.964,25.270,20.180,348.420,-1.130,-4.030,0.220,0.460,3.150,0.400,0.380,11
2018-11-23 01:40:00,0.994,23.040,20.650,353.940,-0.290,-4.640,0.230,0.440,3.220,-0.290,0.040,11
2018-11-26 01:40:00,1.053,24.810,21.440,364.050,3.120,3.430,0.340,0.400,3.080,0.470,0.170,11
2018-11-27 01:40:00,1.002,28.290,21.650,370.170,7.220,6.380,0.010,0.380,3.160,0.170,-0.090,11
2018-11-28 01:40:00,1.099,27.380,21.880,372.880,3.630,1.900,0.010,0.380,3.130,0.110,-0.080,11
2018-11-28 01:40:00,0.987,27.380,21.880,372.880,3.630,1.900,0.010,0.380,3.130,0.110,-0.080,11
2018-11-29 01:40:00,0.996,24.200,22.040,385.720,7.880,3.030,0.110,0.380,3.420,0.070,-0.100,11
2018-11-30 01:40:00,1.011,22.220,22.410,379.430,-0.940,1.120,0.460,0.380,3.440,0.190,0.050,11
2018-12-03 01:40:00,0.989,24.950,23.010,388.940,-0.100,0.580,0.560,0.380,2.010,-0.040,-0.070,12
2018-12-04 01:40:00,1.006,29.460,23.210,389.680,0.300,1.260,0.220,0.380,1.340,-0.130,-0.130,12
2018-12-05 01:40:00,0.975,30.090,23.460,393.950,3.710,3.280,0.050,0.370,1.220,-0.020,-0.130,12
2018-12-06 01:40:00,0.995,30.090,23.700,385.270,0.020,-1.820,0.060,0.370,1.310,0.120,0.010,12
2018-12-07 01:40:00,1.034,30.890,23.880,374.000,-11.000,-6.620,0.170,0.370,1.490,0.090,0.090,12
2018-12-10 01:40:00,1.013,29.740,24.480,350.590,-9.910,-5.900,0.010,0.360,1.150,-0.010,-0.160,12
2018-12-11 01:40:00,0.981,28.300,24.660,343.650,-6.440,-3.200,0.000,0.360,1.450,0.000,-0.070,12
2018-12-12 01:40:00,0.961,26.210,24.890,342.000,-5.490,-1.140,0.020,0.350,1.480,0.280,0.120,12
2018-12-13 01:40:00,0.984,24.520,25.100,344.770,2.980,5.450,0.170,0.350,1.790,0.170,0.030,12
2018-12-14 01:40:00,0.966,22.120,25.370,341.490,-5.240,-8.590,0.430,0.350,1.990,0.170,0.170,12
2018-12-17 01:40:00,0.961,24.270,25.800,356.610,-1.960,0.280,0.000,0.330,1.890,0.140,0.120,12
2018-12-18 01:40:00,1.039,25.720,26.050,357.050,-2.730,-2.110,0.030,0.330,2.060,0.100,0.080,12
2018-12-19 01:40:00,1.002,22.960,26.260,364.860,3.470,2.610,0.140,0.330,2.390,-0.200,-0.100,12
2018-12-20 01:40:00,0.944,20.980,26.410,381.710,3.300,3.090,0.270,0.310,2.630,0.020,-0.060,12
2018-12-21 01:40:00,1.016,21.780,26.550,391.370,-5.460,-1.720,0.020,0.300,2.720,0.180,0.220,12
2018-12-24 01:40:00,0.939,26.780,27.100,402.740,-5.310,-0.540,0.070,0.280,3.550,0.260,0.100,12
2018-12-26 01:40:00,1.034,25.040,27.520,398.550,-10.710,-8.160,0.260,0.270,3.750,0.240,0.210,12
2018-12-27 01:40:00,1.020,23.190,27.650,395.750,-6.200,-4.740,0.380,0.250,3.270,-0.120,-0.020,12
2018-12-31 01:40:00,0.952,23.980,28.280,380.230,-4.800,-0.040,0.450,0.200,2.480,-0.180,-0.070,12
2019-01-02 01:40:00,0.997,29.800,28.670,366.930,1.050,-1.350,0.360,0.170,2.030,-0.070,-0.020,1
2019-01-03 01:40:00,0.993,26.700,28.700,363.440,3.890,3.900,0.430,0.160,1.840,0.040,0.010,1
2019-01-04 01:40:00,1.016,23.990,28.840,377.570,10.410,6.670,0.330,0.160,1.190,-0.330,-0.170,1
2019-01-07 01:40:00,0.996,22.330,29.190,385.310,-1.910,-0.010,0.200,0.160,1.080,-0.090,-0.100,1
2019-01-08 01:40:00,0.993,21.710,29.330,401.640,5.830,3.380,0.210,0.140,0.920,0.040,0.020,1
2019-01-09 01:40:00,1.006,28.520,29.470,418.890,2.400,0.320,0.080,0.140,0.700,0.080,0.030,1
2019-01-10 01:40:00,0.981,31.520,29.590,426.460,4.370,7.770,0.000,0.140,0.790,-0.110,-0.120,1
2019-01-11 01:40:00,1.036,31.450,29.640,435.490,1.230,3.110,0.040,0.130,0.860,0.030,-0.060,1
2019-01-14 01:40:00,1.070,32.490,29.830,469.490,-1.150,-3.320,0.080,0.130,0.730,0.050,-0.050,1
2019-01-15 01:40:00,0.978,30.600,29.910,471.230,-12.170,-10.760,0.000,0.130,0.520,-0.040,-0.070,1
2019-01-16 01:40:00,0.958,29.470,29.970,484.130,13.970,9.430,0.000,0.130,0.700,-0.010,0.000,1
2019-01-17 01:40:00,0.954,28.850,30.020,496.900,14.150,5.600,0.050,0.130,0.610,-0.190,-0.060,1
2019-01-18 01:40:00,1.044,27.470,30.020,495.930,2.280,6.670,0.080,0.130,0.530,0.090,0.000,1
2019-01-22 01:40:00,0.948,34.320,29.990,503.090,-7.400,-1.320,0.090,0.150,0.780,0.120,0.030,1
2019-01-23 01:40:00,0.964,28.380,30.020,510.770,9.220,5.690,0.220,0.150,0.850,0.090,-0.030,1
2019-01-24 01:40:00,1.018,30.580,29.980,514.710,4.130,3.850,0.120,0.150,0.510,-0.040,-0.030,1
2019-01-25 01:40:00,1.024,37.860,29.990,504.060,-14.030,-3.090,0.000,0.160,0.540,0.130,0.110,1
2019-01-28 01:40:00,0.995,31.860,29.870,456.680,-1.320,-0.540,0.000,0.220,1.730,0.100,0.180,1
2019-01-29 01:40:00,1.007,37.670,29.740,452.030,-5.940,1.630,0.000,0.220,1.960,0.160,-0.010,1
2019-01-29 01:40:00,1.000,37.670,29.740,452.030,-5.940,1.630,0.000,0.220,1.960,0.160,-0.010,1
2019-01-30 01:40:00,1.000,45.570,29.670,440.690,-8.330,-7.390,0.000,0.230,2.350,0.040,-0.030,1
2019-01-31 01:40:00,0.986,43.790,29.610,425.610,3.780,1.620,0.040,0.240,2.430,-0.080,-0.130,1
2019-02-01 01:40:00,0.976,35.160,29.570,416.610,-5.280,-1.830,0.100,0.260,2.910,0.510,0.150,2
2019-02-04 01:40:00,0.983,20.530,29.190,414.070,-9.530,-8.840,0.290,0.290,3.550,0.220,0.190,2
2019-02-05 01:40:00,0.996,24.050,29.080,425.430,2.910,2.480,0.370,0.290,2.950,-0.340,-0.190,2
2019-02-06 01:40:00,0.993,24.840,28.980,432.550,-2.970,-1.900,0.650,0.290,2.950,-0.260,-0.200,2
2019-02-07 01:40:00,0.982,25.660,28.860,420.790,-19.570,-13.260,0.300,0.310,3.200,0.640,0.580,2
2019-02-08 01:40:00,1.006,35.310,28.700,423.090,-9.320,4.730,0.200,0.330,4.880,1.760,0.720,2
2019-02-11 01:40:00,0.983,28.730,28.320,436.040,-2.260,0.910,0.360,0.350,3.750,0.080,-0.190,2
2019-02-12 01:40:00,1.000,27.240,28.040,424.810,-5.930,-4.530,0.430,0.350,4.680,0.350,0.320,2
2019-02-13 01:40:00,0.998,28.660,27.850,412.500,-8.220,-2.710,0.090,0.350,5.230,0.310,0.200,2
2019-02-14 01:40:00,0.989,24.440,27.660,411.300,1.730,3.580,0.080,0.350,5.620,0.220,0.010,2
2019-02-15 01:40:00,1.013,26.570,27.520,420.560,3.900,0.830,0.210,0.380,5.580,0.140,0.190,2
2019-02-18 01:40:00,1.000,34.090,26.820,427.780,6.080,9.720,0.480,0.410,5.540,-0.040,-0.180,2
2019-02-19 01:40:00,1.016,35.400,26.650,421.270,-6.890,-4.060,0.430,0.410,5.690,-0.180,0.040,2
2019-02-20 01:40:00,0.988,29.680,26.390,419.960,6.470,4.280,0.510,0.430,5.100,-0.010,0.100,2
2019-02-21 01:40:00,1.007,27.780,26.150,430.510,8.640,2.520,0.560,0.430,4.000,-0.620,-0.200,2
2019-02-22 01:40:00,1.004,28.040,25.930,429.760,-4.270,1.440,0.640,0.430,3.630,-0.020,0.070,2
2019-02-25 01:40:00,1.027,32.500,24.950,444.170,3.460,4.550,0.220,0.460,3.270,0.330,0.070,2
2019-02-26 01:40:00,0.990,30.570,24.690,446.160,-0.240,4.690,0.320,0.460,4.050,0.670,0.010,2
2019-02-26 01:40:00,0.992,30.570,24.690,446.160,-0.240,4.690,0.320,0.460,4.050,0.670,0.010,2
2019-02-27 01:40:00,1.017,29.050,24.420,426.160,-4.390,-2.790,0.450,0.470,4.470,0.530,0.370,2
2019-02-28 01:40:00,0.994,30.350,24.090,426.390,-2.170,-5.250,0.290,0.480,3.610,-0.250,0.100,2
2019-03-01 01:40:00,1.013,27.690,23.770,419.850,4.500,3.980,0.350,0.500,3.570,-0.100,-0.120,3
2019-03-04 01:40:00,0.995,38.660,22.910,377.340,-2.290,1.770,0.300,0.560,4.570,0.570,0.160,3
2019-03-05 01:40:00,1.001,37.750,22.560,370.590,10.710,5.220,0.090,0.570,4.120,-0.120,0.130,3
2019-03-06 01:40:00,0.993,35.300,22.330,350.830,-6.670,-1.090,0.000,0.570,4.460,0.200,-0.060,3
2019-03-07 01:40:00,1.016,31.600,21.850,339.250,-1.390,1.890,0.040,0.580,5.340,0.870,0.010,3
2019-03-08 01:40:00,0.997,27.620,21.600,335.000,5.630,3.420,0.380,0.580,5.300,0.030,0.210,3
2019-11-04 01:40:00,1.003,15.860,14.680,294.700,12.650,4.590,0.760,0.960,7.330,-0.170,-0.160,11
2019-11-05 01:40:00,0.998,16.200,15.020,311.180,9.590,7.110,1.060,0.910,7.020,0.050,-0.080,11
2019-11-06 01:40:00,0.989,17.030,15.410,319.810,-0.130,-1.810,1.140,0.820,6.360,0.060,-0.010,11
2019-11-07 01:40:00,1.002,20.360,15.740,313.320,-6.620,-5.230,1.000,0.790,5.250,0.070,0.110,11
2019-11-08 01:40:00,0.994,24.790,16.140,313.120,-1.600,-0.040,0.790,0.740,4.590,0.250,0.110,11
2019-11-11 01:40:00,0.989,21.660,17.080,304.720,-1.420,-2.490,0.500,0.640,3.880,-0.030,0.090,11
2019-11-12 01:40:00,0.982,29.660,17.460,312.150,8.680,7.210,0.430,0.640,3.510,-0.270,-0.080,11
2019-11-13 01:40:00,1.022,30.270,17.710,305.740,-1.730,-1.660,0.200,0.630,2.930,-0.240,-0.200,11
2019-11-14 01:40:00,0.992,25.430,18.070,296.490,-7.740,-9.090,0.390,0.600,3.270,0.300,0.340,11
2019-11-15 01:40:00,1.011,22.930,18.360,302.610,5.140,5.860,0.310,0.570,3.080,0.180,0.090,11
2019-11-18 01:40:00,0.984,18.890,19.300,297.740,-7.090,-5.080,0.340,0.470,4.350,0.560,0.350,11
2019-11-19 01:40:00,0.988,18.010,19.510,296.680,1.340,1.800,0.170,0.470,3.640,0.280,0.290,11
2019-11-20 01:40:00,1.001,18.490,19.790,310.730,6.640,6.990,0.330,0.470,4.180,0.520,0.180,11
2019-11-21 01:40:00,1.012,18.380,20.180,317.430,-1.390,0.740,0.570,0.460,5.100,0.770,0.180,11
2019-11-22 01:40:00,1.028,21.710,20.410,322.060,-5.060,0.230,0.330,0.440,5.240,0.930,0.560,11
2019-11-25 01:40:00,0.987,18.730,21.120,343.320,-11.210,-6.360,0.140,0.430,3.810,0.030,-0.050,11
2019-11-26 01:40:00,1.006,19.130,21.440,338.730,-11.450,-7.260,0.490,0.400,3.040,-0.340,-0.080,11
2019-11-27 01:40:00,1.001,20.180,21.650,338.910,-0.850,0.760,0.270,0.380,2.970,0.120,0.040,11
2019-11-28 01:40:00,0.993,25.350,21.880,353.450,6.130,2.850,0.330,0.380,2.950,0.060,0.100,11
2019-11-29 01:40:00,0.951,24.830,22.040,350.050,3.840,-0.630,0.470,0.380,2.860,-0.070,0.000,11
2019-12-02 01:40:00,1.009,27.370,22.850,348.050,-4.950,-1.780,0.060,0.380,2.480,0.210,0.180,12
2019-12-03 01:40:00,1.012,25.700,23.010,365.320,11.230,13.300,0.010,0.380,2.680,0.230,-0.040,12
2019-12-04 01:40:00,1.009,23.630,23.210,363.480,-2.450,-6.040,0.040,0.380,2.750,-0.010,-0.030,12
2019-12-05 01:40:00,0.990,23.460,23.460,372.120,-1.190,-2.140,0.050,0.370,3.120,0.180,0.090,12
2019-12-06 01:40:00,0.973,24.110,23.700,381.570,1.930,4.750,0.130,0.370,2.940,-0.180,-0.040,12
2019-12-09 01:40:00,1.010,20.320,24.250,368.930,0.090,2.990,0.650,0.360,3.900,0.200,-0.040,12
2019-12-10 01:40:00,1.011,26.650,24.480,383.640,3.690,-1.860,0.520,0.360,3.150,-0.100,-0.070,12
2019-12-11 01:40:00,0.986,30.980,24.660,386.030,-2.620,-1.470,0.320,0.360,2.200,-0.060,0.020,12
2019-12-12 01:40:00,1.026,27.680,24.890,396.030,11.130,7.780,0.300,0.350,2.400,0.380,0.030,12
2019-12-13 01:40:00,1.015,23.760,25.100,377.880,-23.250,-12.980,0.370,0.350,2.440,0.110,0.190,12
2019-12-16 01:40:00,1.019,28.320,25.660,391.900,0.470,0.160,0.480,0.330,2.170,-0.120,-0.070,12
2019-12-17 01:40:00,1.008,29.840,25.800,380.420,-9.060,-8.350,0.510,0.330,2.190,0.060,-0.070,12
2019-12-18 01:40:00,1.004,34.540,26.050,372.170,-2.130,0.050,0.130,0.330,2.120,0.040,-0.010,12
2019-12-19 01:40:00,1.023,32.680,26.260,366.020,-3.880,-1.120,0.070,0.330,1.810,0.060,-0.030,12
2019-12-20 01:40:00,1.005,28.390,26.410,358.980,-3.920,-2.710,0.170,0.310,2.050,0.180,0.000,12
2019-12-23 01:40:00,1.001,21.890,27.000,343.540,-6.410,-4.160,0.100,0.300,2.400,0.310,0.210,12
2019-12-24 01:40:00,1.002,22.810,27.100,344.700,-4.210,-5.750,0.030,0.280,2.500,0.260,0.210,12
2019-12-26 01:40:00,1.019,20.590,27.520,363.000,-1.220,0.550,0.330,0.270,4.030,0.660,0.160,12
2019-12-27 01:40:00,0.998,21.600,27.650,351.530,-21.800,-17.570,0.360,0.250,3.300,-0.090,0.410,12
2019-12-30 01:40:00,0.991,23.480,28.160,390.010,1.730,0.610,0.330,0.220,1.740,-0.410,-0.250,12
2019-12-31 01:40:00,0.996,26.790,28.280,373.720,-3.370,-1.050,0.120,0.200,1.880,0.090,0.010,12
2020-01-02 01:40:00,0.978,21.700,28.670,362.120,2.710,-1.580,0.220,0.170,3.110,-0.080,-0.060,1
2020-01-03 01:40:00,0.994,20.570,28.700,362.870,-2.390,-0.870,0.570,0.160,3.640,0.000,-0.010,1
2020-01-06 01:40:00,0.994,25.070,29.110,377.540,-3.490,-4.030,0.010,0.160,4.360,0.060,0.190,1
2020-01-07 01:40:00,1.018,25.710,29.190,377.840,-11.470,-3.780,0.080,0.160,4.930,0.220,0.080,1
2020-01-08 01:40:00,0.989,29.390,29.330,395.050,0.790,-1.010,0.060,0.140,4.750,-0.170,-0.110,1
2020-01-09 01:40:00,1.018,25.950,29.470,379.790,-19.970,-9.780,0.270,0.140,4.780,0.010,-0.090,1
2020-01-10 01:40:00,1.003,21.540,29.590,387.040,-12.400,-5.030,0.550,0.140,4.770,0.040,-0.130,1
2020-01-13 01:40:00,0.993,23.540,29.740,422.220,6.500,-0.290,0.520,0.130,3.620,-0.280,-0.040,1
2020-01-14 01:40:00,0.984,21.910,29.830,440.380,-0.680,-3.470,0.750,0.130,3.030,0.030,-0.020,1
2020-01-15 01:40:00,0.995,22.910,29.910,422.850,-10.500,-4.500,0.790,0.130,2.530,0.220,0.010,1
2020-01-16 01:40:00,0.974,28.990,29.970,442.410,1.660,3.510,0.520,0.130,1.640,-0.260,-0.130,1
2020-01-17 01:40:00,0.985,31.850,30.020,414.640,-6.050,-5.050,0.370,0.130,1.640,0.280,0.250,1
2020-01-21 01:40:00,0.990,34.160,30.020,365.200,-4.760,-5.310,0.000,0.150,0.870,0.030,0.020,1
2020-01-22 01:40:00,1.004,29.460,29.990,354.670,5.070,3.740,0.010,0.150,0.960,0.050,-0.080,1
2020-01-23 01:40:00,0.984,25.850,30.020,358.200,3.600,4.350,0.100,0.150,0.900,-0.050,0.050,1
2020-01-24 01:40:00,1.004,23.660,29.980,357.060,-6.240,-6.120,0.140,0.150,0.860,-0.070,-0.040,1
2020-01-27 01:40:00,0.974,25.070,29.920,379.370,-14.970,-8.800,0.080,0.210,1.180,-0.300,-0.200,1
2020-01-28 01:40:00,1.015,26.510,29.870,383.480,8.130,5.890,0.100,0.220,1.130,0.000,-0.010,1
2020-01-29 01:40:00,0.979,28.600,29.740,367.370,-8.210,-1.650,0.130,0.220,1.710,0.230,0.030,1
2020-01-29 01:40:00,1.007,28.600,29.740,367.370,-8.210,-1.650,0.130,0.220,1.710,0.230,0.030,1
2020-01-30 01:40:00,0.995,28.720,29.670,360.440,-11.920,-9.430,0.090,0.230,2.230,0.050,-0.190,1
2020-01-31 01:40:00,1.005,25.500,29.610,362.360,-2.930,-2.550,0.160,0.240,2.570,-0.010,0.020,1
2020-02-03 01:40:00,0.971,21.260,29.320,386.440,0.110,-1.530,0.030,0.270,3.660,0.590,0.510,2
2020-02-04 01:40:00,1.024,24.090,29.190,392.790,-1.030,1.050,0.350,0.290,4.350,0.750,0.530,2
2020-02-05 01:40:00,1.020,28.060,29.080,387.580,-15.150,-11.930,0.300,0.290,5.190,0.490,0.230,2
2020-02-06 01:40:00,1.013,26.500,28.980,386.270,-15.320,-11.240,0.500,0.290,4.970,0.290,0.380,2
2020-02-07 01:40:00,1.003,28.050,28.860,384.510,-5.260,-4.720,0.090,0.310,5.040,0.310,0.300,2
2020-02-10 01:40:00,0.996,24.560,28.420,358.720,2.610,2.890,0.440,0.340,4.980,-0.690,-0.270,2
2020-02-11 01:40:00,1.018,24.840,28.320,362.800,-2.060,-6.350,0.600,0.350,4.740,-0.590,-0.060,2
2020-02-12 01:40:00,1.013,26.180,28.040,377.460,12.030,4.170,0.530,0.350,4.220,-0.570,-0.280,2
2020-02-13 01:40:00,0.987,30.430,27.850,381.920,-8.510,-0.610,0.550,0.350,3.050,0.210,-0.060,2
2020-02-14 01:40:00,1.014,37.210,27.660,370.700,-7.360,-4.470,0.210,0.350,2.810,0.200,0.230,2
2020-02-17 01:40:00,1.021,23.360,27.060,381.690,1.160,0.190,0.510,0.410,3.230,0.210,-0.030,2
2020-02-18 01:40:00,1.012,23.810,26.820,392.370,4.450,4.910,0.660,0.410,2.550,-0.260,-0.180,2
2020-02-19 01:40:00,1.008,29.000,26.650,393.940,-1.500,-1.200,0.510,0.410,2.190,0.150,0.020,2
2020-02-20 01:40:00,0.980,33.190,26.390,388.560,-4.000,0.710,0.450,0.430,1.630,-0.210,-0.140,2
2020-02-21 01:40:00,1.020,30.930,26.150,353.880,-13.100,-9.490,0.070,0.430,1.290,0.150,0.000,2
2020-02-24 01:40:00,0.996,21.410,25.270,332.490,-4.610,-1.640,0.250,0.460,2.100,0.230,0.160,2
2020-02-25 01:40:00,1.001,21.510,24.950,322.500,-4.880,0.220,0.470,0.460,2.540,0.630,0.360,2
2020-02-26 01:40:00,0.977,25.120,24.690,331.620,9.180,10.160,0.290,0.460,2.000,-0.150,-0.250,2
2020-02-26 01:40:00,0.994,25.120,24.690,331.620,9.180,10.160,0.290,0.460,2.000,-0.150,-0.250,2
2020-02-27 01:40:00,0.991,28.070,24.420,299.540,-13.660,-11.680,0.000,0.470,2.100,0.070,0.150,2
2020-02-28 01:40:00,1.001,27.750,24.090,287.240,-1.280,2.500,0.000,0.480,2.750,0.250,-0.110,2
2020-03-02 01:40:00,1.021,19.680,23.510,262.410,0.000,-5.330,0.370,0.530,3.600,-0.460,-0.260,3
2020-03-03 01:40:00,1.002,16.640,23.160,267.310,4.390,5.940,0.650,0.530,3.770,0.160,-0.150,3
2020-03-04 01:40:00,1.012,18.380,22.910,258.970,-1.580,1.790,0.580,0.560,4.210,0.360,0.100,3
2020-03-05 01:40:00,0.965,19.340,22.560,258.320,4.370,2.720,0.570,0.570,4.940,0.120,0.140,3
2020-03-06 01:40:00,0.984,22.180,22.330,252.760,6.020,4.550,0.200,0.570,4.990,-0.230,-0.140,3
2020-11-02 01:40:00,0.986,17.980,13.960,174.710,-14.740,-11.330,0.780,1.050,13.340,1.830,1.000,11
2020-11-03 01:40:00,0.971,12.840,14.380,169.190,-7.630,-5.950,0.600,1.000,13.590,0.280,0.350,11
2020-11-04 01:40:00,1.017,8.970,14.680,161.930,-6.640,-2.370,0.910,0.960,15.740,1.310,0.500,11
2020-11-05 01:40:00,0.954,7.200,15.020,163.930,-6.440,-2.310,1.510,0.910,16.340,1.040,0.470,11
2020-11-06 01:40:00,0.990,6.610,15.410,172.330,3.100,3.410,1.140,0.820,15.290,-0.780,-0.830,11
2020-11-09 01:40:00,0.977,8.550,16.450,204.110,0.240,1.080,1.990,0.680,14.150,-0.170,-0.200,11
2020-11-10 01:40:00,1.018,10.090,16.770,214.440,-2.520,-2.640,1.760,0.670,12.460,-0.740,-0.340,11
2020-11-11 01:40:00,1.037,13.490,17.080,234.040,-2.730,-3.340,1.640,0.640,9.990,-0.310,0.260,11
2020-11-12 01:40:00,0.986,16.100,17.460,251.420,-4.900,-3.130,1.250,0.640,8.780,0.700,0.440,11
2020-11-13 01:40:00,0.983,18.730,17.710,259.230,5.780,-0.430,0.970,0.630,7.350,-1.060,-0.420,11
2020-11-16 01:40:00,0.938,17.440,18.670,253.780,4.920,3.610,0.590,0.500,5.770,0.180,0.000,11
2020-11-17 01:40:00,0.997,19.680,18.980,251.060,5.430,3.630,0.370,0.490,6.220,0.440,0.300,11
2020-11-18 01:40:00,0.984,20.210,19.300,269.580,13.480,7.730,0.310,0.470,5.840,-0.150,-0.250,11
2020-11-19 01:40:00,1.002,15.090,19.510,260.470,-7.970,-2.990,0.470,0.470,6.640,1.060,0.200,11
2020-11-20 01:40:00,0.998,13.280,19.790,267.920,1.410,3.570,0.790,0.470,6.570,0.650,0.100,11
2020-11-23 01:40:00,1.012,19.890,20.650,298.390,-1.600,2.290,0.350,0.440,4.350,0.320,-0.090,11
2020-11-24 01:40:00,1.007,20.530,20.830,311.400,1.000,2.050,0.560,0.430,3.830,-0.160,-0.070,11
2020-11-25 01:40:00,1.049,17.470,21.120,321.730,-1.990,-1.110,0.590,0.430,2.840,-0.140,-0.050,11
2020-11-30 01:40:00,1.006,22.400,22.410,352.380,9.430,2.890,0.150,0.380,0.800,0.010,0.070,11
2020-12-01 01:40:00,0.998,25.520,22.600,344.870,-14.250,-5.310,0.000,0.380,0.750,0.100,0.070,12
2020-12-02 01:40:00,0.943,25.000,22.850,352.340,-1.570,2.690,0.020,0.380,0.870,-0.010,-0.040,12
2020-12-03 01:40:00,0.948,24.460,23.010,350.670,-3.270,-3.110,0.080,0.380,1.130,-0.140,-0.130,12
2020-12-04 01:40:00,1.024,22.130,23.210,343.980,-6.650,-7.640,0.210,0.380,1.060,0.110,-0.020,12
2020-12-07 01:40:00,1.007,25.450,23.880,332.410,-6.570,-1.890,0.050,0.370,1.040,0.050,0.070,12
2020-12-08 01:40:00,1.002,24.420,24.050,333.820,-2.560,-0.970,0.000,0.370,1.090,0.220,0.040,12
2020-12-09 01:40:00,0.976,22.070,24.250,345.570,6.510,1.100,0.000,0.360,1.450,0.050,0.010,12
2020-12-10 01:40:00,1.045,20.560,24.480,353.110,6.220,3.430,0.020,0.360,1.680,0.290,0.020,12
2020-12-11 01:40:00,1.018,20.510,24.660,358.490,-6.670,-6.670,0.150,0.360,2.070,0.230,0.020,12
2020-12-14 01:40:00,0.997,29.230,25.370,384.690,-2.750,-2.240,0.310,0.350,1.470,-0.160,-0.050,12
2020-12-15 01:40:00,1.009,30.880,25.510,390.720,-5.990,-3.190,0.190,0.340,1.070,0.000,-0.040,12
2020-12-16 01:40:00,1.013,29.800,25.660,385.170,-5.300,-4.180,0.210,0.330,0.810,-0.100,-0.030,12
2020-12-17 01:40:00,0.993,29.890,25.800,382.000,-6.120,-5.200,0.070,0.330,0.790,0.100,0.030,12
2020-12-18 01:40:00,1.008,29.700,26.050,389.460,2.030,1.870,0.000,0.330,0.680,-0.080,-0.090,12
2020-12-21 01:40:00,1.012,22.300,26.550,400.050,2.470,5.120,0.090,0.300,0.800,0.000,-0.070,12
2020-12-22 01:40:00,1.002,23.730,26.780,412.500,5.060,2.760,0.060,0.300,0.850,0.130,0.030,12
2020-12-23 01:40:00,0.963,24.260,27.000,407.010,-4.240,-4.900,0.160,0.300,1.120,0.160,0.120,12
2020-12-24 01:40:00,0.989,27.300,27.100,406.210,-3.070,0.590,0.170,0.280,0.930,-0.090,-0.120,12
2020-12-28 01:40:00,1.021,26.530,27.830,356.930,-8.000,-3.820,0.130,0.240,2.220,0.280,-0.020,12
2020-12-29 01:40:00,1.040,29.760,27.960,355.960,-1.270,0.620,0.180,0.240,2.370,0.020,-0.090,12
2020-12-29 01:40:00,1.007,29.760,27.960,355.960,-1.270,0.620,0.180,0.240,2.370,0.020,-0.090,12
2020-12-30 01:40:00,0.986,26.620,28.160,357.910,1.490,-1.320,0.260,0.220,2.190,0.030,0.040,12
2020-12-31 01:40:00,1.012,28.390,28.280,377.880,10.470,7.480,0.370,0.200,1.830,-0.190,-0.150,12
2021-01-04 01:40:00,0.993,25.750,28.840,397.000,-3.370,-4.400,0.060,0.160,0.370,0.040,0.080,1
2021-01-05 01:40:00,1.009,26.680,29.040,406.920,4.530,4.160,0.030,0.160,0.250,-0.040,-0.040,1
2021-01-06 01:40:00,1.030,26.810,29.110,394.120,-10.940,-7.020,0.030,0.160,0.380,0.100,0.020,1
2021-01-07 01:40:00,0.991,27.760,29.190,392.050,-4.200,-3.520,0.080,0.160,0.420,-0.120,-0.160,1
2021-01-08 01:40:00,1.018,29.930,29.330,390.730,-0.910,0.620,0.030,0.140,0.410,0.000,-0.020,1
2021-01-11 01:40:00,1.059,29.910,29.640,380.580,1.600,-1.950,0.100,0.130,0.990,0.100,0.130,1
2021-01-12 01:40:00,0.955,27.950,29.650,390.830,1.720,-1.810,0.090,0.130,0.760,-0.080,-0.050,1
2021-01-13 01:40:00,0.974,25.050,29.740,392.490,0.840,2.450,0.040,0.130,0.650,-0.060,0.010,1
2021-01-14 01:40:00,0.972,23.130,29.830,402.720,-2.800,-1.520,0.000,0.130,0.840,0.240,0.120,1
2021-01-15 01:40:00,1.005,24.390,29.910,414.080,9.440,8.010,0.050,0.130,0.740,-0.220,-0.170,1
2021-01-18 01:40:00,1.011,27.080,30.020,415.560,-9.950,-5.850,0.010,0.130,1.180,0.150,0.010,1
2021-01-19 01:40:00,0.976,28.460,30.010,427.770,-2.670,0.540,0.050,0.130,1.410,0.170,0.060,1
2021-01-20 01:40:00,1.034,28.770,30.010,416.380,-10.620,-7.000,0.070,0.130,1.720,-0.040,0.040,1
2021-01-21 01:40:00,1.013,25.170,30.020,418.370,-11.330,-5.630,0.070,0.150,2.000,0.220,0.050,1
2021-01-22 01:40:00,1.003,29.860,29.990,406.390,-14.610,-7.110,0.100,0.150,2.090,-0.030,0.060,1
2021-01-25 01:40:00,1.037,28.910,29.990,421.920,-2.300,-3.770,0.410,0.160,2.080,-0.260,-0.210,1
2021-01-26 01:40:00,1.003,29.630,29.940,436.930,-0.280,-3.120,0.390,0.200,1.610,0.210,0.250,1
2021-01-27 01:40:00,1.002,32.350,29.920,445.540,4.370,6.470,0.330,0.210,1.220,-0.180,-0.150,1
2021-01-27 01:40:00,0.996,32.350,29.920,445.540,4.370,6.470,0.330,0.210,1.220,-0.180,-0.150,1
2021-01-28 01:40:00,1.014,35.470,29.870,429.560,-10.860,-6.080,0.030,0.220,1.470,0.400,0.400,1
2021-01-29 01:40:00,0.962,34.390,29.740,426.290,-2.790,-3.340,0.000,0.220,1.700,-0.030,-0.060,1
2021-02-01 01:40:00,1.020,29.860,29.570,464.120,7.380,4.600,0.000,0.260,0.770,-0.100,-0.130,2
2021-02-02 01:40:00,0.957,29.450,29.480,494.530,26.250,17.660,0.000,0.260,1.040,0.040,-0.250,2
2021-02-03 01:40:00,0.979,29.270,29.320,489.170,8.610,5.370,0.010,0.270,1.290,-0.050,-0.040,2
2021-02-04 01:40:00,1.057,28.510,29.190,481.690,-3.120,1.780,0.150,0.290,2.070,0.040,-0.040,2
2021-02-05 01:40:00,0.948,30.240,29.080,524.660,9.690,1.920,0.070,0.290,1.950,0.180,0.100,2
2021-02-08 01:40:00,0.979,37.020,28.700,494.990,0.300,-10.720,0.190,0.330,2.970,-0.140,-0.020,2
2021-02-09 01:40:00,1.009,34.490,28.580,491.170,-12.660,-11.870,0.420,0.330,3.350,0.430,0.120,2
2021-02-10 01:40:00,1.056,35.140,28.420,472.860,-9.290,-1.630,0.390,0.340,3.820,0.370,0.080,2
2021-02-11 01:40:00,0.943,36.270,28.320,481.140,-1.630,-2.360,0.330,0.350,3.340,-0.100,-0.150,2
2021-02-12 01:40:00,1.007,38.660,28.040,461.110,-3.740,-1.430,0.360,0.350,3.180,0.020,0.050,2
2021-02-15 01:40:00,1.001,40.470,27.520,417.970,-0.460,0.750,0.440,0.380,2.260,0.170,0.210,2
2021-02-16 01:40:00,1.005,38.720,27.320,413.570,8.800,4.490,0.160,0.390,1.930,-0.270,-0.280,2
2021-02-17 01:40:00,1.047,40.570,27.060,401.950,1.450,0.150,0.210,0.410,1.950,0.030,-0.080,2
2021-02-18 01:40:00,0.945,36.850,26.820,376.260,-6.300,-5.280,0.480,0.410,2.690,0.140,0.090,2
2021-02-19 01:40:00,0.998,36.240,26.650,379.320,7.430,0.380,0.180,0.410,2.750,-0.070,0.050,2
2021-02-22 01:40:00,1.001,24.780,25.930,317.110,-7.660,1.920,0.240,0.430,4.990,1.070,0.240,2
2021-02-23 01:40:00,0.994,21.260,25.540,318.290,-4.690,3.860,0.150,0.460,5.340,0.270,0.000,2
2021-02-24 01:40:00,1.004,21.400,25.270,314.850,3.350,2.620,0.260,0.460,4.870,-0.310,-0.130,2
2021-02-24 01:40:00,1.004,21.400,25.270,314.850,3.350,2.620,0.260,0.460,4.870,-0.310,-0.130,2
2021-02-25 01:40:00,0.977,25.320,24.950,316.980,7.550,4.740,0.240,0.460,4.830,0.320,-0.130,2
2021-02-26 01:40:00,1.014,25.120,24.690,301.670,-0.810,-1.770,0.430,0.460,4.990,0.020,0.050,2
2021-03-01 01:40:00,1.008,25.700,23.770,297.550,-2.970,-3.690,0.580,0.500,3.250,0.090,0.180,3
2021-03-02 01:40:00,1.018,27.510,23.510,300.740,8.470,5.290,0.370,0.530,2.740,-0.350,-0.180,3
2021-03-03 01:40:00,0.979,21.470,23.160,305.950,10.290,5.130,0.200,0.530,2.440,-0.100,-0.070,3
2021-03-04 01:40:00,0.982,24.060,22.910,304.600,9.290,7.560,0.060,0.560,2.640,0.070,-0.020,3
2021-03-05 01:40:00,0.983,24.940,22.560,289.880,0.290,4.140,0.130,0.570,3.530,-0.070,-0.260,3
2021-03-08 01:40:00,1.000,19.990,21.600,283.200,-0.930,0.050,0.080,0.580,4.030,0.260,-0.070,3
2021-03-09 01:40:00,1.000,15.560,21.280,274.770,-2.620,-4.030,0.100,0.590,5.380,0.130,-0.120,3
2021-03-10 01:40:00,1.024,14.880,21.030,270.270,-6.020,0.450,0.440,0.600,5.410,0.010,-0.050,3
2021-03-11 01:40:00,0.994,14.670,20.710,275.620,2.120,8.250,0.690,0.600,5.760,0.550,-0.070,3
2021-03-12 01:40:00,0.969,17.690,20.470,272.290,-5.180,-5.290,0.780,0.610,5.540,0.280,0.240,3
